Rank,Title,Year,Rating,Votes,Genre,Director,Description,Content_Rating
1,Yôjinbô,1961,8.2,123512,"Action, Drama, Thriller",Akira Kurosawa,A crafty ronin comes to a town divided by two criminal gangs and decides to play them against each other to free the town.,Not Rated
2,Witness for the Prosecution,1958,8.4,125962,"Crime, Drama, Mystery",Billy Wilder,A veteran British barrister must defend his client in a murder trial that has surprise after surprise.,Approved
3,Whiplash,2014,8.5,853539,"Drama, Music",Damien Chazelle,A promising young drummer enrolls at a cut-throat music conservatory where his dreams of greatness are mentored by an instructor who will stop at nothing to realize a student&apos;s potential.,R
4,Warrior,2011,8.2,472768,"Action, Drama, Sport",Gavin O&apos;Connor,"The youngest son of an alcoholic former boxer returns home, where he&apos;s trained by his father for competition in a mixed martial arts tournament - a path that puts the fighter on a collision course with his estranged, older brother.",PG-13
5,WALL·E,2008,8.4,1112059,"Animation, Adventure, Family",Andrew Stanton,"In the distant future, a small waste-collecting robot inadvertently embarks on a space journey that will ultimately decide the fate of mankind.",G
6,Vertigo,1958,8.3,402523,"Mystery, Romance, Thriller",Alfred Hitchcock,"A former San Francisco police detective juggles wrestling with his personal demons and becoming obsessed with the hauntingly beautiful woman he has been hired to trail, who may be deeply disturbed.",PG
7,V for Vendetta,2006,8.2,1120222,"Action, Drama, Sci-Fi",James McTeigue,"In a future British dystopian society, a shadowy freedom fighter, known only by the alias of &quot;V&quot;, plots to overthrow the tyrannical government - with the help of a young woman.",R
8,Up,2009,8.3,1040647,"Animation, Adventure, Comedy",Pete Docter,"78-year-old Carl Fredricksen travels to Paradise Falls in his house equipped with balloons, inadvertently taking a young stowaway.",PG
9,Unforgiven,1992,8.2,412476,"Drama, Western",Clint Eastwood,"Retired Old West gunslinger William Munny reluctantly takes on one last job, with the help of his old partner Ned Logan and a young man, The &quot;Schofield Kid.&quot;",R
10,Tôkyô monogatari,1972,8.2,62214,Drama,Yasujirô Ozu,"An old couple visit their children and grandchildren in the city, but receive little attention.",Not Rated
11,Trainspotting,1996,8.1,686804,Drama,Danny Boyle,"Renton, deeply immersed in the Edinburgh drug scene, tries to clean up and get out, despite the allure of the drugs and influence of friends.",R
12,Toy Story 3,2010,8.3,834302,"Animation, Adventure, Comedy",Lee Unkrich,"The toys are mistakenly delivered to a day-care center instead of the attic right before Andy leaves for college, and it&apos;s up to Woody to convince the other toys that they weren&apos;t abandoned and to return home.",G
13,Toy Story,1995,8.3,990628,"Animation, Adventure, Comedy",John Lasseter,A cowboy doll is profoundly threatened and jealous when a new spaceman action figure supplants him as top toy in a boy&apos;s bedroom.,G
14,Top Gun: Maverick,2022,8.4,435187,"Action, Drama",Joseph Kosinski,"After thirty years, Maverick is still pushing the envelope as a top naval aviator, but must confront ghosts of his past when he leads TOP GUN&apos;s elite graduates on a mission that demands the ultimate sacrifice from those chosen to ...",PG-13
15,Tonari no Totoro,1990,8.1,339209,"Animation, Comedy, Family",Hayao Miyazaki,"When two girls move to the country to be near their ailing mother, they have adventures with the wondrous forest spirits who live nearby.",G
16,To Kill a Mockingbird,1963,8.3,317159,"Crime, Drama",Robert Mulligan,"Atticus Finch, a widowed lawyer in Depression-era Alabama, defends a black man against an undeserved rape charge, and his children against prejudice.",Approved
17,To Be or Not to Be,1942,8.2,37869,"Comedy, Romance, War",Ernst Lubitsch,"During the Nazi occupation of Poland, an acting troupe becomes embroiled in a Polish soldier&apos;s efforts to track down a German spy.",Passed
18,"Three Billboards Outside Ebbing, Missouri",2017,8.1,505845,"Comedy, Crime, Drama",Martin McDonagh,A mother personally challenges the local authorities to solve her daughter&apos;s murder when they fail to catch the culprit.,R
19,There Will Be Blood,2008,8.2,586077,Drama,Paul Thomas Anderson,"A story of family, religion, hatred, oil and madness, focusing on a turn-of-the-century prospector in the early days of the business.",R
20,The Wolf of Wall Street,2013,8.2,1399063,"Biography, Comedy, Crime",Martin Scorsese,"Based on the true story of Jordan Belfort, from his rise to a wealthy stock-broker living the high life to his fall involving crime, corruption and the federal government.",R
21,The Wizard of Oz,1939,8.1,400160,"Adventure, Family, Fantasy",Victor Fleming,"Young Dorothy Gale and her dog Toto are swept away by a tornado from their Kansas farm to the magical Land of Oz, and embark on a quest with three new friends to see the Wizard, who can return her to her home and fulfill the other...",G
22,The Usual Suspects,1995,8.5,1082301,"Crime, Drama, Mystery",Bryan Singer,"A sole survivor tells of the twisty events leading up to a horrific gun battle on a boat, which began when five criminals met at a seemingly random police lineup.",R
23,The Truman Show,1998,8.2,1075910,"Comedy, Drama",Peter Weir,An insurance salesman discovers his whole life is actually a reality TV show.,PG
24,The Treasure of the Sierra Madre,1948,8.2,125556,"Adventure, Drama, Western",John Huston,Two down-on-their-luck Americans searching for work in 1920s Mexico convince an old prospector to help them mine for gold in the Sierra Madre Mountains.,Passed
25,The Third Man,1949,8.1,172368,"Film-Noir, Mystery, Thriller",Carol Reed,"Pulp novelist Holly Martins travels to shadowy, postwar Vienna, only to find himself investigating the mysterious death of an old friend, Harry Lime.",Approved
26,The Thing,1982,8.2,425478,"Horror, Mystery, Sci-Fi",John Carpenter,A research team in Antarctica is hunted by a shape-shifting alien that assumes the appearance of its victims.,R
27,The Terminator,1984,8.1,863301,"Action, Sci-Fi",James Cameron,"A human soldier is sent from 2029 to 1984 to stop an almost indestructible cyborg killing machine, sent from the same year, which has been programmed to execute a young woman whose unborn son is the key to humanity&apos;s future salvat...",R
28,The Sting,1973,8.3,262780,"Comedy, Crime, Drama",George Roy Hill,Two grifters team up to pull off the ultimate con.,PG
29,The Sound of Music,1965,8.1,235020,"Biography, Drama, Family",Robert Wise,A young novitiate is sent by her convent in 1930s Austria to become a governess to the seven children of a widowed naval officer.,G
30,The Sixth Sense,1999,8.2,990321,"Drama, Mystery, Thriller",M. Night Shyamalan,"A frightened, withdrawn Philadelphia boy who communicates with spirits seeks the help of a disheartened child psychologist.",PG-13
31,The Silence of the Lambs,1991,8.6,1426073,"Crime, Drama, Thriller",Jonathan Demme,"A young F.B.I. cadet must receive the help of an incarcerated and manipulative cannibal killer to help catch another serial killer, a madman who skins his victims.",R
32,The Shining,1980,8.4,1018529,"Drama, Horror",Stanley Kubrick,"A family heads to an isolated hotel for the winter where a sinister presence influences the father into violence, while his psychic son sees horrific forebodings from both past and future.",R
33,The Shawshank Redemption,1994,9.3,2665388,Drama,Frank Darabont,"Two imprisoned men bond over a number of years, finding solace and eventual redemption through acts of common decency.",R
34,The Prestige,2006,8.5,1327527,"Drama, Mystery, Sci-Fi",Christopher Nolan,"After a tragic accident, two stage magicians in 1890s London engage in a battle to create the ultimate illusion while sacrificing everything they have to outwit each other.",PG-13
35,The Pianist,2003,8.5,828817,"Biography, Drama, Music",Roman Polanski,A Polish Jewish musician struggles to survive the destruction of the Warsaw ghetto of World War II.,R
36,The Matrix,1999,8.7,1904375,"Action, Sci-Fi",Lana Wachowski,"When a beautiful stranger leads computer hacker Neo to a forbidding underworld, he discovers the shocking truth--the life he knows is the elaborate deception of an evil cyber-intelligence.",R
37,The Lord of the Rings: The Two Towers,2002,8.8,1659192,"Action, Adventure, Drama",Peter Jackson,"While Frodo and Sam edge closer to Mordor with the help of the shifty Gollum, the divided fellowship makes a stand against Sauron&apos;s new ally, Saruman, and his hordes of Isengard.",PG-13
38,The Lord of the Rings: The Return of the King,2003,9.0,1837508,"Action, Adventure, Drama",Peter Jackson,Gandalf and Aragorn lead the World of Men against Sauron&apos;s army to draw his gaze from Frodo and Sam as they approach Mount Doom with the One Ring.,PG-13
39,The Lord of the Rings: The Fellowship of the Ring,2001,8.8,1866635,"Action, Adventure, Drama",Peter Jackson,A meek Hobbit from the Shire and eight companions set out on a journey to destroy the powerful One Ring and save Middle-earth from the Dark Lord Sauron.,PG-13
40,The Lion King,1994,8.5,1053862,"Animation, Adventure, Drama",Roger Allers,"Lion prince Simba and his father are targeted by his bitter uncle, who wants to ascend the throne himself.",G
41,The Kid,1921,8.3,126953,"Comedy, Drama, Family",Charles Chaplin,"The Tramp cares for an abandoned child, but events put their relationship in jeopardy.",Passed
42,The Iron Giant,1999,8.1,198652,"Animation, Action, Adventure",Brad Bird,A young boy befriends a giant robot from outer space that a paranoid government agent wants to destroy.,PG
43,The Incredibles,2004,8.0,735705,"Animation, Action, Adventure",Brad Bird,"While trying to lead a quiet suburban life, a family of undercover superheroes are forced into action to save the world.",PG
44,The Help,2011,8.1,459626,Drama,Tate Taylor,"An aspiring author during the civil rights movement of the 1960s decides to write a book detailing the African American maids&apos; point of view on the white families for which they work, and the hardships they go through on a daily b...",PG-13
45,The Green Mile,1999,8.6,1295244,"Crime, Drama, Fantasy",Frank Darabont,"The lives of guards on Death Row are affected by one of their charges: a black man accused of child murder and rape, yet who has a mysterious gift.",R
46,The Great Escape,1963,8.2,245158,"Adventure, Drama, History",John Sturges,Allied prisoners of war plan for several hundred of their number to escape from a German camp during World War II.,Approved
47,The Great Dictator,1941,8.4,224344,"Comedy, Drama, War",Charles Chaplin,Dictator Adenoid Hynkel tries to expand his empire while a poor Jewish barber tries to avoid persecution from Hynkel&apos;s regime.,G
48,The Grapes of Wrath,1940,8.1,93840,Drama,John Ford,"An Oklahoma family, driven off their farm by the poverty and hopelessness of the Dust Bowl, joins the westward migration to California, suffering the misfortunes of the homeless in the Great Depression.",Passed
49,The Grand Budapest Hotel,2014,8.1,806331,"Adventure, Comedy, Crime",Wes Anderson,"A writer encounters the owner of an aging high-class hotel, who tells him of his early years serving as a lobby boy in the hotel&apos;s glorious years under an exceptional concierge.",R
50,The Gold Rush,1925,8.2,111927,"Adventure, Comedy, Drama",Charles Chaplin,"A prospector goes to the Klondike during the 1890s gold rush in hopes of making his fortune, and is smitten with a girl he sees in a dance hall.",Passed
51,The Godfather Part II,1974,9.0,1265043,"Crime, Drama",Francis Ford Coppola,"The early life and career of Vito Corleone in 1920s New York City is portrayed, while his son, Michael, expands and tightens his grip on the family crime syndicate.",R
52,The Godfather,1972,9.2,1847080,"Crime, Drama",Francis Ford Coppola,The aging patriarch of an organized crime dynasty in postwar New York City transfers control of his clandestine empire to his reluctant youngest son.,R
53,The General,1927,8.2,92018,"Action, Adventure, Comedy",Clyde Bruckman,"After being rejected by the Confederate military, not realizing it was due to his crucial civilian role, an engineer must single-handedly recapture his beloved locomotive after it is seized by Union spies and return it through ene...",Passed
54,The Father,2021,8.2,152647,"Drama, Mystery",Florian Zeller,"A man refuses all assistance from his daughter as he ages. As he tries to make sense of his changing circumstances, he begins to doubt his loved ones, his own mind and even the fabric of his reality.",PG-13
55,The Exorcist,1973,8.1,408630,Horror,William Friedkin,"When a teenage girl is possessed by a mysterious entity, her mother seeks the help of two priests to save her daughter.",R
56,The Empire Strikes Back,1980,8.7,1287114,"Action, Adventure, Fantasy",Irvin Kershner,"After the Rebels are brutally overpowered by the Empire on the ice planet Hoth, Luke Skywalker begins Jedi training with Yoda, while his friends are pursued across the galaxy by Darth Vader and bounty hunter Boba Fett.",PG
57,The Elephant Man,1980,8.2,241916,"Biography, Drama",David Lynch,"A Victorian surgeon rescues a heavily disfigured man who is mistreated while scraping a living as a side-show freak. Behind his monstrous façade, there is revealed a person of kindness, intelligence and sophistication.",PG
58,The Departed,2006,8.5,1319768,"Crime, Drama, Thriller",Martin Scorsese,An undercover cop and a mole in the police attempt to identify each other while infiltrating an Irish gang in South Boston.,R
59,The Deer Hunter,1979,8.1,339942,"Drama, War",Michael Cimino,An in-depth examination of the ways in which the Vietnam War impacts and disrupts the lives of several friends in a small steel mill town in Pennsylvania.,R
60,The Dark Knight Rises,2012,8.4,1697951,"Action, Drama",Christopher Nolan,"Eight years after the Joker&apos;s reign of anarchy, Batman, with the help of the enigmatic Selina Kyle, is forced from his exile to save Gotham City from the brutal guerrilla terrorist Bane.",PG-13
61,The Dark Knight,2008,9.0,2638372,"Action, Crime, Drama",Christopher Nolan,"When the menace known as the Joker wreaks havoc and chaos on the people of Gotham, Batman must accept one of the greatest psychological and physical tests of his ability to fight injustice.",PG-13
62,The Bridge on the River Kwai,1957,8.2,221458,"Adventure, Drama, War",David Lean,"British POWs are forced to build a railway bridge across the river Kwai for their Japanese captors in occupied Burma, not knowing that the allied forces are planning a daring commando raid through the jungle to destroy it.",PG
63,The Big Lebowski,1998,8.1,807391,"Comedy, Crime",Joel Coen,"Ultimate L.A. slacker Jeff &quot;The Dude&quot; Lebowski, mistaken for a millionaire of the same name, seeks restitution for a rug ruined by debt collectors, enlisting his bowling buddies for help while trying to find the millionaire&apos;s miss...",R
64,The Best Years of Our Lives,1947,8.1,65118,"Drama, Romance, War",William Wyler,"Three World War II veterans, two of them traumatized or disabled, return home to the American midwest to discover that they and their families have been irreparably changed.",Approved
65,The Apartment,1960,8.3,182126,"Comedy, Drama, Romance",Billy Wilder,"A Manhattan insurance clerk tries to rise in his company by letting its executives use his apartment for trysts, but complications and a romance of his own ensue.",Approved
66,Terminator 2: Judgment Day,1991,8.6,1095145,"Action, Sci-Fi",James Cameron,"A cyborg, identical to the one who failed to kill Sarah Connor, must now protect her 10-year old adolescent son John from an even more advanced and powerful cyborg.",R
67,Tengoku to jigoku,1963,8.4,45376,"Crime, Drama, Mystery",Akira Kurosawa,An executive of a Yokohama shoe company becomes a victim of extortion when his chauffeur&apos;s son is kidnapped by mistake and held for ransom.,Not Rated
68,Taxi Driver,1976,8.2,829081,"Crime, Drama",Martin Scorsese,"A mentally unstable veteran works as a nighttime taxi driver in New York City, where the perceived decadence and sleaze fuels his urge for violent action.",R
69,Taare Zameen Par,2007,8.4,193914,"Drama, Family",Aamir Khan,"An eight-year-old boy is thought to be a lazy trouble-maker, until the new art teacher has the patience and compassion to discover the real problem behind his struggles in school.",PG
70,Sunset Blvd.,1950,8.4,222387,"Drama, Film-Noir",Billy Wilder,A screenwriter develops a dangerous relationship with a faded film star determined to make a triumphant return.,Passed
71,Star Wars: Episode VI - Return of the Jedi,1983,8.3,1050611,"Action, Adventure, Fantasy",Richard Marquand,"After a daring mission to rescue Han Solo from Jabba the Hutt, the Rebels dispatch to Endor to destroy the second Death Star. Meanwhile, Luke struggles to help Darth Vader back from the dark side without falling into the Emperor&apos;s...",PG
72,Star Wars,1977,8.6,1359680,"Action, Adventure, Fantasy",George Lucas,"Luke Skywalker joins forces with a Jedi Knight, a cocky pilot, a Wookiee and two droids to save the galaxy from the Empire&apos;s world-destroying battle station, while also attempting to rescue Princess Leia from the mysterious Darth ...",PG
73,Stand by Me,1986,8.1,404114,"Adventure, Drama",Rob Reiner,"After the death of one of his friends, a writer recounts a childhood journey with his friends to find the body of a missing boy.",R
74,Spotlight,2015,8.1,469844,"Biography, Crime, Drama",Tom McCarthy,"The true story of how the Boston Globe uncovered the massive scandal of child molestation and cover-up within the local Catholic Archdiocese, shaking the entire Catholic Church to its core.",R
75,Spider-Man: No Way Home,2021,8.3,746372,"Action, Adventure, Fantasy",Jon Watts,"With Spider-Man&apos;s identity now revealed, Peter asks Doctor Strange for help. When a spell goes wrong, dangerous foes from other worlds start to appear, forcing Peter to discover what it truly means to be Spider-Man.",PG-13
76,Spider-Man: Into the Spider-Verse,2018,8.4,524464,"Animation, Action, Adventure",Bob Persichetti,"Teen Miles Morales becomes the Spider-Man of his universe, and must join with five spider-powered individuals from other dimensions to stop a threat for all realities.",PG
77,Some Like It Hot,1959,8.2,267847,"Comedy, Music, Romance",Billy Wilder,"After two male musicians witness a mob hit, they flee the state in an all-female band disguised as women, but further complications set in.",Passed
78,Snatch,2001,8.2,854632,"Comedy, Crime",Guy Ritchie,"Unscrupulous boxing promoters, violent bookmakers, a Russian gangster, incompetent amateur robbers and supposedly Jewish jewelers fight to track down a priceless stolen diamond.",R
79,Smultronstället,1959,8.1,107942,"Drama, Romance",Ingmar Bergman,"After living a life marked by coldness, an aging professor is forced to confront the emptiness of his existence.",Not Rated
80,Singin&apos; in the Rain,1952,8.3,242888,"Comedy, Musical, Romance",Stanley Donen,A silent film star falls for a chorus girl just as he and his delusionally jealous screen partner are trying to make the difficult transition to talking pictures in 1920s Hollywood.,G
81,Shutter Island,2010,8.2,1306361,"Mystery, Thriller",Martin Scorsese,"In 1954, a U.S. Marshal investigates the disappearance of a murderer who escaped from a hospital for the criminally insane.",R
82,Shichinin no samurai,1956,8.6,345841,"Action, Drama",Akira Kurosawa,"Farmers from a village exploited by bandits hire a veteran samurai for protection, who gathers six other samurai to join him. As the samurai teach the peasants how to defend themselves, the village is attacked by an army of bandits.",Not Rated
83,Sherlock Jr.,1924,8.2,50530,"Action, Comedy, Romance",Buster Keaton,"A film projectionist longs to be a detective, and puts his meagre skills to work when he is framed by a rival for stealing his girlfriend&apos;s father&apos;s pocketwatch.",Passed
84,Seppuku,1964,8.6,57354,"Action, Drama, Mystery",Masaki Kobayashi,"When a ronin requesting seppuku at a feudal lord&apos;s palace is told of the brutal suicide of another ronin who previously visited, he reveals how their pasts are intertwined - and in doing so challenges the clan&apos;s integrity.",Not Rated
85,Sen to Chihiro no kamikakushi,2003,8.6,759647,"Animation, Adventure, Family",Hayao Miyazaki,"During her family&apos;s move to the suburbs, a sullen 10-year-old girl wanders into a world ruled by gods, witches, and spirits, and where humans are changed into beasts.",PG
86,Se7en,1995,8.6,1642979,"Crime, Drama, Mystery",David Fincher,"Two detectives, a rookie and a veteran, hunt a serial killer who uses the seven deadly sins as his motives.",R
87,Schindler&apos;s List,1994,9.0,1349644,"Biography, Drama, History",Steven Spielberg,"In German-occupied Poland during World War II, industrialist Oskar Schindler gradually becomes concerned for his Jewish workforce after witnessing their persecution by the Nazis.",R
88,Scarface,1983,8.3,838331,"Crime, Drama",Brian De Palma,"In 1980 Miami, a determined Cuban immigrant takes over a drug cartel and succumbs to greed.",R
89,Saving Private Ryan,1998,8.6,1385334,"Drama, War",Steven Spielberg,"Following the Normandy Landings, a group of U.S. soldiers go behind enemy lines to retrieve a paratrooper whose brothers have been killed in action.",R
90,Salinui chueok,2003,8.1,184477,"Crime, Drama, Mystery",Bong Joon Ho,"In a small Korean province in 1986, two detectives struggle with the case of multiple young women being found raped and murdered by an unknown culprit.",Not Rated
91,Rush,2013,8.1,480067,"Action, Biography, Drama",Ron Howard,The merciless 1970s rivalry between Formula One rivals James Hunt and Niki Lauda.,R
92,Room,2016,8.1,420748,"Drama, Thriller",Lenny Abrahamson,"Held captive for 7 years in an enclosed space, a woman and her young son finally gain their freedom, allowing the boy to experience the outside world for the first time.",R
93,Rocky,1976,8.1,575370,"Drama, Sport",John G. Avildsen,A small-time Philadelphia boxer gets a supremely rare chance to fight the world heavyweight champion in a bout in which he strives to go the distance for his self-respect.,PG
94,Reservoir Dogs,1992,8.3,1014856,"Crime, Thriller",Quentin Tarantino,"When a simple jewelry heist goes horribly wrong, the surviving criminals begin to suspect that one of them is a police informant.",R
95,Requiem for a Dream,2000,8.3,840160,Drama,Darren Aronofsky,The drug-induced utopias of four Coney Island people are shattered when their addictions run deep.,Unrated
96,Relatos salvajes,2014,8.1,198966,"Comedy, Drama, Thriller",Damián Szifron,Six short stories that explore the extremities of human behavior involving people in distress.,R
97,Rebecca,1940,8.1,137938,"Drama, Film-Noir, Mystery",Alfred Hitchcock,A self-conscious woman juggles adjusting to her new role as an aristocrat&apos;s wife and avoiding being intimidated by his first wife&apos;s spectral presence.,Approved
98,Rear Window,1954,8.5,491353,"Mystery, Thriller",Alfred Hitchcock,"A wheelchair-bound photographer spies on his neighbors from his Greenwich Village courtyard apartment window, and becomes convinced one of them has committed murder, despite the skepticism of his fashion-model girlfriend.",PG
99,Ratatouille,2007,8.1,734158,"Animation, Adventure, Comedy",Brad Bird,A rat who can cook makes an unusual alliance with a young kitchen worker at a famous Paris restaurant.,G
100,Rashômon,1951,8.2,169224,"Crime, Drama, Mystery",Akira Kurosawa,"The rape of a bride and the murder of her samurai husband are recalled from the perspectives of a bandit, the bride, the samurai&apos;s ghost and a woodcutter.",Not Rated
101,Ran,1985,8.2,126239,"Action, Drama, War",Akira Kurosawa,"In Medieval Japan, an elderly warlord retires, handing over his empire to his three sons. However, he vastly underestimates how the new-found power will corrupt them and cause them to turn on each other...and him.",R
102,Raiders of the Lost Ark,1981,8.4,963109,"Action, Adventure",Steven Spielberg,"Archaeology professor Indiana Jones ventures to seize a biblical artefact known as the Ark of the Covenant. While doing so, he puts up a fight against Renee and a troop of Nazis.",PG
103,Raging Bull,1980,8.2,354555,"Biography, Drama, Sport",Martin Scorsese,"The life of boxer Jake LaMotta, whose violence and temper that led him to the top in the ring destroyed his life outside of it.",R
104,Pulp Fiction,1994,8.9,2040203,"Crime, Drama",Quentin Tarantino,"The lives of two mob hitmen, a boxer, a gangster and his wife, and a pair of diner bandits intertwine in four tales of violence and redemption.",R
105,Psycho,1960,8.5,670712,"Horror, Mystery, Thriller",Alfred Hitchcock,"A Phoenix secretary embezzles $40,000 from her employer&apos;s client, goes on the run and checks into a remote motel run by a young man under the domination of his mother.",R
106,Prisoners,2013,8.1,708580,"Crime, Drama, Mystery",Denis Villeneuve,"When Keller Dover&apos;s daughter and her friend go missing, he takes matters into his own hands as the police pursue multiple leads and the pressure mounts.",R
107,Platoon,1987,8.1,414847,"Drama, War",Oliver Stone,"Chris Taylor, a neophyte recruit in Vietnam, finds himself caught in a battle of wills between two sergeants, one good and the other evil. A shrewd examination of the brutality of war and the duality of man in conflict.",R
108,Pirates of the Caribbean: The Curse of the Black Pearl,2003,8.1,1124210,"Action, Adventure, Fantasy",Gore Verbinski,"Blacksmith Will Turner teams up with eccentric pirate &quot;Captain&quot; Jack Sparrow to save his love, the governor&apos;s daughter, from Jack&apos;s former pirate allies, who are now undead.",PG-13
109,Persona,1967,8.1,119394,"Drama, Thriller",Ingmar Bergman,A nurse is put in charge of a mute actress and finds that their personae are melding together.,Not Rated
110,Per qualche dollaro in più,1967,8.2,257310,Western,Sergio Leone,Two bounty hunters with the same intentions team up to track down an escaped Mexican outlaw.,R
111,Paths of Glory,1957,8.4,197865,"Drama, War",Stanley Kubrick,"After refusing to attack an enemy position, a general accuses the soldiers of cowardice and their commanding officer must defend them.",Approved
112,Pather Panchali,1955,8.3,33394,Drama,Satyajit Ray,"Impoverished priest Harihar Ray, dreaming of a better life for himself and his family, leaves his rural Bengal village in search of work.",Not Rated
113,One Flew Over the Cuckoo&apos;s Nest,1975,8.7,1005028,Drama,Milos Forman,"In the Fall of 1963, a Korean War veteran and criminal pleads insanity and is admitted to a mental institution, where he rallies up the scared patients against the tyrannical nurse.",R
114,Once Upon a Time in America,1984,8.3,352164,"Crime, Drama",Sergio Leone,"A former Prohibition-era Jewish gangster returns to the Lower East Side of Manhattan 35 years later, where he must once again confront the ghosts and regrets of his old life.",R
115,On the Waterfront,1954,8.1,155844,"Crime, Drama, Thriller",Elia Kazan,"An ex-prize fighter turned New Jersey longshoreman struggles to stand up to his corrupt union bosses, including his older brother, as he starts to connect with the grieving sister of one of the syndicate&apos;s victims.",Approved
116,Oldeuboi,2003,8.4,578241,"Action, Drama, Mystery",Park Chan-wook,"After being kidnapped and imprisoned for fifteen years, Oh Dae-Su is released, only to find that he must find his captor in five days.",R
117,Nuovo Cinema Paradiso,1990,8.5,261206,"Drama, Romance",Giuseppe Tornatore,A filmmaker recalls his childhood when falling in love with the pictures at the cinema of his home village and forms a deep friendship with the cinema&apos;s projectionist.,PG
118,North by Northwest,1959,8.3,328469,"Action, Adventure, Mystery",Alfred Hitchcock,"A New York City advertising executive goes on the run after being mistaken for a government agent by a group of foreign spies, and falls for a woman whose loyalties he begins to doubt.",Approved
119,No Country for Old Men,2007,8.2,969471,"Crime, Drama, Thriller",Ethan Coen,Violence and mayhem ensue after a hunter stumbles upon a drug deal gone wrong and more than two million dollars in cash near the Rio Grande.,R
120,Network,1976,8.1,160335,Drama,Sidney Lumet,"A television network cynically exploits a deranged former anchor&apos;s ravings and revelations about the news media for its own profit, but finds that his message may be difficult to control.",R
121,Mr. Smith Goes to Washington,1939,8.1,116246,"Comedy, Drama",Frank Capra,"A naive youth leader is appointed to fill a vacancy in the U.S. Senate. His idealistic plans promptly collide with corruption at home and subterfuge from his hero in Washington, but he tries to forge ahead despite attacks on his c...",Passed
122,Monty Python and the Holy Grail,1975,8.2,541697,"Adventure, Comedy, Fantasy",Terry Gilliam,"King Arthur and his Knights of the Round Table embark on a surreal, low-budget search for the Holy Grail, encountering many, very silly obstacles.",PG
123,"Monsters, Inc.",2001,8.1,906745,"Animation, Adventure, Comedy",Pete Docter,"In order to power the city, monsters have to scare children so that they scream. However, the children are toxic to the monsters, and after a child gets through, two monsters realize things may not be what they think.",G
124,Mononoke-hime,1997,8.4,394250,"Animation, Action, Adventure",Hayao Miyazaki,"On a journey to find the cure for a Tatarigami&apos;s curse, Ashitaka finds himself in the middle of a war between the forest gods and Tatara, a mining colony. In this quest he also meets San, the Mononoke Hime.",PG-13
125,Modern Times,1936,8.5,242733,"Comedy, Drama, Romance",Charles Chaplin,The Tramp struggles to live in modern industrial society with the help of a young homeless woman.,G
126,Million Dollar Baby,2005,8.1,687151,"Drama, Sport",Clint Eastwood,A determined woman works with a hardened boxing trainer to become a professional.,PG-13
127,Metropolis,1927,8.3,174947,"Drama, Sci-Fi",Fritz Lang,"In a futuristic city sharply divided between the working class and the city planners, the son of the city&apos;s mastermind falls in love with a working-class prophet who predicts the coming of a savior to mediate their differences.",Not Rated
128,Memento,2001,8.4,1234221,"Mystery, Thriller",Christopher Nolan,A man with short-term memory loss attempts to track down his wife&apos;s murderer.,R
129,Mary and Max.,2010,8.1,177811,"Animation, Comedy, Drama",Adam Elliot,"A tale of friendship between two unlikely pen pals: Mary, a lonely, eight-year-old girl living in the suburbs of Melbourne, and Max, a forty-four-year old, severely obese man living in New York.",Not Rated
130,Mad Max: Fury Road,2015,8.1,998827,"Action, Adventure, Sci-Fi",George Miller,"In a post-apocalyptic wasteland, a woman rebels against a tyrannical ruler in search for her homeland with the aid of a group of female prisoners, a psychotic worshiper, and a drifter named Max.",R
131,M - Eine Stadt sucht einen Mörder,1931,8.3,158579,"Crime, Mystery, Thriller",Fritz Lang,"When the police in a German city are unable to catch a child-murderer, other criminals join in the manhunt.",Passed
132,Léon,1994,8.5,1156544,"Action, Crime, Drama",Luc Besson,"12-year-old Mathilda is reluctantly taken in by Léon, a professional assassin, after her family is murdered. An unusual relationship forms as she becomes his protégée and learns the assassin&apos;s trade.",R
133,Logan,2017,8.1,760595,"Action, Drama, Sci-Fi",James Mangold,"In a future where mutants are nearly extinct, an elderly and weary Logan leads a quiet life. But when Laura, a mutant child pursued by scientists, comes to him for help, he must get her to safety.",R
134,"Lock, Stock and Two Smoking Barrels",1998,8.2,582213,"Action, Comedy, Crime",Guy Ritchie,"Eddy persuades his three pals to pool money for a vital poker game against a powerful local mobster, Hatchet Harry. Eddy loses, after which Harry gives him a week to pay back 500,000 pounds.",R
135,Life of Brian,1979,8.0,400304,Comedy,Terry Jones,"Born on the original Christmas in the stable next door to Jesus Christ, Brian of Nazareth spends his life being mistaken for a messiah.",R
136,Les quatre cents coups,1959,8.1,118669,"Crime, Drama",François Truffaut,"A young boy, left without attention, delves into a life of petty crime.",Not Rated
137,Le salaire de la peur,1955,8.2,61721,"Adventure, Drama, Thriller",Henri-Georges Clouzot,"In a decrepit South American village, four men are hired to transport an urgent nitroglycerine shipment without the equipment that would make it safe.",Not Rated
138,Le fabuleux destin d&apos;Amélie Poulain,2002,8.3,756055,"Comedy, Romance",Jean-Pierre Jeunet,"Amélie is an innocent and naive girl in Paris with her own sense of justice. She decides to help those around her and, along the way, discovers love.",R
139,Lawrence of Arabia,1962,8.3,294278,"Adventure, Biography, Drama",David Lean,"The story of T.E. Lawrence, the English officer who successfully united and led the diverse, often warring, Arab tribes during World War I in order to fight the Turks.",Approved
140,Ladri di biciclette,1949,8.3,164119,Drama,Vittorio De Sica,"In post-war Italy, a working-class man&apos;s bicycle is stolen, endangering his efforts to find work. He and his son set out to find it.",Not Rated
141,La vita è bella,1997,8.6,692994,"Comedy, Drama, Romance",Roberto Benigni,"When an open-minded Jewish waiter and his son become victims of the Holocaust, he uses a perfect mixture of will, humor, and imagination to protect his son from the dangers around their camp.",PG-13
142,La passion de Jeanne d&apos;Arc,1928,8.2,55352,"Biography, Drama, History",Carl Theodor Dreyer,"In 1431, Jeanne d&apos;Arc is placed on trial on charges of heresy. The ecclesiastical jurists attempt to force Jeanne to recant her claims of holy visions.",Passed
143,La haine,1996,8.1,174422,"Crime, Drama",Mathieu Kassovitz,24 hours in the lives of three young men in the French suburbs the day after a violent riot.,Not Rated
144,La battaglia di Algeri,1967,8.1,60680,"Drama, War",Gillo Pontecorvo,"In the 1950s, fear and violence escalate as the people of Algiers fight for independence from the French government.",Not Rated
145,L.A. Confidential,1997,8.2,583104,"Crime, Drama, Mystery",Curtis Hanson,"As corruption grows in 1950s Los Angeles, three policemen - one strait-laced, one brutal, and one sleazy - investigate a series of murders with their own brand of justice.",R
146,Klaus,2019,8.1,149717,"Animation, Adventure, Comedy",Sergio Pablos,"A simple act of kindness always sparks another, even in a frozen, faraway place. When Smeerensburg&apos;s new postman, Jesper, befriends toymaker Klaus, their gifts melt an age-old feud and deliver a sleigh full of holiday traditions.",PG
147,Kimi no Na wa.,2017,8.4,267488,"Animation, Drama, Fantasy",Makoto Shinkai,"Two strangers find themselves linked in a bizarre way. When a connection forms, will distance be the only thing to keep them apart?",TV-PG
148,Kill Bill: Vol. 1,2003,8.2,1112002,"Action, Crime, Drama",Quentin Tarantino,"After awakening from a four-year coma, a former assassin wreaks vengeance on the team of assassins who betrayed her.",R
149,Jurassic Park,1993,8.2,985505,"Action, Adventure, Sci-Fi",Steven Spielberg,A pragmatic paleontologist touring an almost complete theme park on an island in Central America is tasked with protecting a couple of kids after a power failure causes the park&apos;s cloned dinosaurs to run loose.,PG-13
150,Judgment at Nuremberg,1961,8.3,78168,"Drama, War",Stanley Kramer,"In 1948, an American court in occupied Germany tries four Nazis judged for war crimes.",Approved
151,Joker,2019,8.4,1269810,"Crime, Drama, Thriller",Todd Phillips,A mentally troubled stand-up comedian embarks on a downward spiral that leads to the creation of an iconic villain.,R
152,Jodaeiye Nader az Simin,2011,8.3,245572,Drama,Asghar Farhadi,A married couple are faced with a difficult decision - to improve the life of their child by moving to another country or to stay in Iran and look after a deteriorating parent who has Alzheimer&apos;s disease.,PG-13
153,Jaws,1975,8.1,605833,"Adventure, Thriller",Steven Spielberg,"When a killer shark unleashes chaos on a beach community off Cape Cod, it&apos;s up to a local sheriff, a marine biologist, and an old seafarer to hunt the beast down.",PG
154,Jai Bhim,2021,8.9,201415,"Crime, Drama, Mystery",T.J. Gnanavel,"When a tribal man is arrested for a case of alleged theft, his wife turns to a human-rights lawyer to help bring justice.",TV-MA
155,Jagten,2013,8.3,330110,Drama,Thomas Vinterberg,"A teacher lives a lonely life, all the while struggling over his son&apos;s custody. His life slowly gets better as he finds love and receives good news from his son, but his new luck is about to be brutally shattered by an innocent li...",R
156,It&apos;s a Wonderful Life,1947,8.6,454849,"Drama, Family, Fantasy",Frank Capra,An angel is sent from Heaven to help a desperately frustrated businessman by showing him what life would have been like if he had never existed.,PG
157,It Happened One Night,1934,8.1,104641,"Comedy, Romance",Frank Capra,"A renegade reporter trailing a young runaway heiress for a big story joins her on a bus heading from Florida to New York, and they end up stuck with each other when the bus leaves them behind at one of the stops.",Passed
158,Intouchables,2011,8.5,854812,"Biography, Comedy, Drama",Olivier Nakache,"After he becomes a quadriplegic from a paragliding accident, an aristocrat hires a young man from the projects to be his caregiver.",R
159,Into the Wild,2007,8.1,623260,"Adventure, Biography, Drama",Sean Penn,"After graduating from Emory University, top student and athlete Christopher McCandless abandons his possessions, gives his entire $24,000 savings account to charity and hitchhikes to Alaska to live in the wilderness. Along the way...",R
160,Interstellar,2014,8.6,1812353,"Adventure, Drama, Sci-Fi",Christopher Nolan,A team of explorers travel through a wormhole in space in an attempt to ensure humanity&apos;s survival.,PG-13
161,Inside Out,2015,8.2,711357,"Animation, Adventure, Comedy",Pete Docter,"After young Riley is uprooted from her Midwest life and moved to San Francisco, her emotions - Joy, Fear, Anger, Disgust and Sadness - conflict on how best to navigate a new city, house, and school.",PG
162,Inglourious Basterds,2009,8.3,1440912,"Adventure, Drama, War",Quentin Tarantino,"In Nazi-occupied France during World War II, a plan to assassinate Nazi leaders by a group of Jewish U.S. soldiers coincides with a theatre owner&apos;s vengeful plans for the same.",R
163,Indiana Jones and the Last Crusade,1989,8.2,753336,"Action, Adventure",Steven Spielberg,"In 1938, after his father Professor Henry Jones, Sr. goes missing while pursuing the Holy Grail, Professor Henry &quot;Indiana&quot; Jones, Jr. finds himself up against Adolf Hitler&apos;s Nazis again to stop them from obtaining its powers.",PG-13
164,Inception,2010,8.8,2338051,"Action, Adventure, Sci-Fi",Christopher Nolan,"A thief who steals corporate secrets through the use of dream-sharing technology is given the inverse task of planting an idea into the mind of a C.E.O., but his tragic past may doom the project and his team to disaster.",PG-13
165,Incendies,2011,8.3,178142,"Drama, Mystery",Denis Villeneuve,Twins journey to the Middle East to discover their family history and fulfill their mother&apos;s last wishes.,R
166,In the Name of the Father,1994,8.1,175829,"Biography, Crime, Drama",Jim Sheridan,A man&apos;s coerced confession to an I.R.A. bombing he did not commit results in the imprisonment of his father as well. An English lawyer fights to free them.,R
167,"Il buono, il brutto, il cattivo",1967,8.8,759601,"Adventure, Western",Sergio Leone,A bounty hunting scam joins two men in an uneasy alliance against a third in a race to find a fortune in gold buried in a remote cemetery.,R
168,Ikiru,1956,8.3,79038,Drama,Akira Kurosawa,A bureaucrat tries to find meaning in his life after he discovers he has terminal cancer.,Not Rated
169,Idi i smotri,1985,8.4,80249,"Drama, Thriller, War",Elem Klimov,"After finding an old rifle, a young boy joins the Soviet resistance movement against ruthless German forces and experiences the horrors of World War II.",Not Rated
170,How to Train Your Dragon,2010,8.1,738843,"Animation, Action, Adventure",Dean DeBlois,"A hapless young Viking who aspires to hunt dragons becomes the unlikely friend of a young dragon himself, and learns there may be more to the creatures than he assumed.",PG
171,Hotel Rwanda,2005,8.1,356286,"Biography, Drama, History",Terry George,"Paul Rusesabagina, a hotel manager, houses over a thousand Tutsi refugees during their struggle against the Hutu militia in Rwanda, Africa.",PG-13
172,Hotaru no haka,1989,8.5,277042,"Animation, Drama, War",Isao Takahata,A young boy and his little sister struggle to survive in Japan during World War II.,Not Rated
173,Heat,1995,8.3,653550,"Action, Crime, Drama",Michael Mann,A group of high-end professional thieves start to feel the heat from the LAPD when they unknowingly leave a clue at their latest heist.,R
174,Hauru no ugoku shiro,2005,8.2,394768,"Animation, Adventure, Family",Hayao Miyazaki,"When an unconfident young woman is cursed with an old body by a spiteful witch, her only chance of breaking the spell lies with a self-indulgent yet insecure young wizard and his companions in his legged, walking castle.",PG
175,Harry Potter and the Deathly Hallows - Part 2,2011,8.1,872192,"Adventure, Family, Fantasy",David Yates,"Harry, Ron, and Hermione search for Voldemort&apos;s remaining Horcruxes in their effort to destroy the Dark Lord as the final battle rages on at Hogwarts.",PG-13
176,Hamilton,2020,8.4,94452,"Biography, Drama, History",Thomas Kail,"The real life of one of America&apos;s foremost founding fathers and first Secretary of the Treasury, Alexander Hamilton. Captured live on Broadway from the Richard Rodgers Theater with the original Broadway cast.",PG-13
177,Hacksaw Ridge,2016,8.1,524079,"Biography, Drama, History",Mel Gibson,"World War II American Army Medic Desmond T. Doss, who served during the Battle of Okinawa, refuses to kill people and becomes the first man in American history to receive the Medal of Honor without firing a shot.",R
178,Hachi: A Dog&apos;s Tale,2010,8.1,285503,"Biography, Drama, Family",Lasse Hallström,A college professor bonds with an abandoned dog he takes into his home.,G
179,Groundhog Day,1993,8.1,630810,"Comedy, Drama, Fantasy",Harold Ramis,"A narcissistic, self-centered weatherman finds himself in a time loop on Groundhog Day, and the day keeps repeating until he gets it right.",PG
180,Green Book,2018,8.2,488944,"Biography, Comedy, Drama",Peter Farrelly,A working-class Italian-American bouncer becomes the driver for an African-American classical pianist on a tour of venues through the 1960s American South.,PG-13
181,Gran Torino,2009,8.1,775267,Drama,Clint Eastwood,"Disgruntled Korean War veteran Walt Kowalski sets out to reform his neighbor, Thao Lor, a Hmong teenager who tried to steal Kowalski&apos;s prized possession: a 1972 Gran Torino.",R
182,Goodfellas,1990,8.7,1155236,"Biography, Crime, Drama",Martin Scorsese,"The story of Henry Hill and his life in the mob, covering his relationship with his wife Karen Hill and his mob partners Jimmy Conway and Tommy DeVito in the Italian-American crime syndicate.",R
183,Good Will Hunting,1998,8.3,963944,"Drama, Romance",Gus Van Sant,"Will Hunting, a janitor at M.I.T., has a gift for mathematics, but needs help from a psychologist to find direction in his life.",R
184,Gone with the Wind,1940,8.2,316095,"Drama, Romance, War",Victor Fleming,The manipulative daughter of a Georgia plantation owner conducts a turbulent romance with a roguish profiteer during the American Civil War and Reconstruction periods.,Passed
185,Gone Girl,2014,8.1,978980,"Drama, Mystery, Thriller",David Fincher,"With his wife&apos;s disappearance having become the focus of an intense media circus, a man sees the spotlight turned on him when it&apos;s suspected that he may not be innocent.",R
186,Gladiator,2000,8.5,1493694,"Action, Adventure, Drama",Ridley Scott,A former Roman General sets out to exact vengeance against the corrupt emperor who murdered his family and sent him into slavery.,R
187,Gisaengchung,2019,8.5,793610,"Drama, Thriller",Bong Joon Ho,Greed and class discrimination threaten the newly formed symbiotic relationship between the wealthy Park family and the destitute Kim clan.,R
188,Gandhi,1983,8.1,232318,"Biography, Drama",Richard Attenborough,The life of the lawyer who became the famed leader of the Indian revolts against the British rule through his philosophy of nonviolent protest.,PG
189,Full Metal Jacket,1987,8.3,741621,"Drama, War",Stanley Kubrick,A pragmatic U.S. Marine observes the dehumanizing effects the Vietnam War has on his fellow recruits from their brutal boot camp training to the bloody street fighting in Hue.,R
190,Forrest Gump,1994,8.8,2066015,"Drama, Romance",Robert Zemeckis,"The presidencies of Kennedy and Johnson, the Vietnam War, the Watergate scandal and other historical events unfold from the perspective of an Alabama man with an IQ of 75, whose only desire is to be reunited with his childhood swe...",PG-13
191,Ford v Ferrari,2019,8.1,391664,"Action, Biography, Drama",James Mangold,American car designer Carroll Shelby and driver Ken Miles battle corporate interference and the laws of physics to build a revolutionary race car for Ford in order to defeat Ferrari at the 24 Hours of Le Mans in 1966.,PG-13
192,Finding Nemo,2003,8.2,1040955,"Animation, Adventure, Comedy",Andrew Stanton,"After his son is captured in the Great Barrier Reef and taken to Sydney, a timid clownfish sets out on a journey to bring him home.",G
193,Fight Club,1999,8.8,2110810,Drama,David Fincher,An insomniac office worker and a devil-may-care soap maker form an underground fight club that evolves into much more.,R
194,Fargo,1996,8.1,677565,"Crime, Thriller",Joel Coen,Minnesota car salesman Jerry Lundegaard&apos;s inept crime falls apart due to his and his henchmen&apos;s bungling and the persistent police work of the quite pregnant Marge Gunderson.,R
195,Everything Everywhere All at Once,2022,8.1,242186,"Action, Adventure, Comedy",Dan Kwan,"An aging Chinese immigrant is swept up in an insane adventure, in which she alone can save the world by exploring other universes connecting with the lives she could have led.",R
196,Eternal Sunshine of the Spotless Mind,2004,8.3,1004748,"Drama, Romance, Sci-Fi",Michel Gondry,"When their relationship turns sour, a couple undergoes a medical procedure to have each other erased from their memories for ever.",R
197,El secreto de sus ojos,2010,8.2,210314,"Drama, Mystery, Romance",Juan José Campanella,A retired legal counselor writes a novel hoping to find closure for one of his past unresolved homicide cases and for his unreciprocated love with his superior - both of which still haunt him decades later.,R
198,El laberinto del fauno,2007,8.2,668817,"Drama, Fantasy, War",Guillermo del Toro,"In the Falangist Spain of 1944, the bookish young stepdaughter of a sadistic army officer escapes into an eerie but captivating fantasy world.",R
199,Dr. Strangelove or: How I Learned to Stop Worrying and Love the Bomb,1964,8.4,490980,"Comedy, War",Stanley Kubrick,"An insane American general orders a bombing attack on the Soviet Union, triggering a path to nuclear holocaust that a war room full of politicians and generals frantically tries to stop.",PG
200,Double Indemnity,1944,8.3,157975,"Crime, Drama, Film-Noir",Billy Wilder,"A Los Angeles insurance representative lets an alluring housewife seduce him into a scheme of insurance fraud and murder that arouses the suspicion of his colleague, an insurance investigator.",Passed
201,Django Unchained,2012,8.4,1544541,"Drama, Western",Quentin Tarantino,"With the help of a German bounty-hunter, a freed slave sets out to rescue his wife from a brutal plantation-owner in Mississippi.",R
202,Die Hard,1988,8.2,874267,"Action, Thriller",John McTiernan,A New York City police officer tries to save his estranged wife and several others taken hostage by terrorists during a Christmas party at the Nakatomi Plaza in Los Angeles.,R
203,Dial M for Murder,1954,8.2,176673,"Crime, Thriller",Alfred Hitchcock,A former tennis star arranges the murder of his adulterous wife.,PG
204,Det sjunde inseglet,1958,8.1,185875,"Drama, Fantasy",Ingmar Bergman,"A knight returning to Sweden after the Crusades seeks answers about life, death, and the existence of God as he plays chess against the Grim Reaper during the Black Plague.",Not Rated
205,Dersu Uzala,1977,8.2,30138,"Adventure, Biography, Drama",Akira Kurosawa,The Russian army sends an explorer on an expedition to the snowy Siberian wilderness where he makes friends with a seasoned local hunter.,G
206,Der Untergang,2005,8.2,356349,"Biography, Drama, History",Oliver Hirschbiegel,"Traudl Junge, the final secretary for Adolf Hitler, tells of the Nazi dictator&apos;s final days in his Berlin bunker at the end of WWII.",R
207,Dead Poets Society,1989,8.1,490182,"Comedy, Drama",Peter Weir,Maverick teacher John Keating uses poetry to embolden his boarding school students to new heights of self-expression.,PG
208,Das Leben der Anderen,2007,8.4,389809,"Drama, Mystery, Thriller",Florian Henckel von Donnersmarck,"In 1984 East Berlin, an agent of the secret police, conducting surveillance on a writer and his lover, finds himself becoming increasingly absorbed by their lives.",R
209,Das Boot,1982,8.4,251541,"Drama, War",Wolfgang Petersen,A German U-boat stalks the frigid waters of the North Atlantic as its young crew experience the sheer terror and claustrophobic life of a submariner in World War II.,
210,Dangal,2016,8.3,191515,"Action, Biography, Drama",Nitesh Tiwari,Former wrestler Mahavir Singh Phogat and his two wrestler daughters struggle towards glory at the Commonwealth Games in the face of societal oppression.,Not Rated
211,Cool Hand Luke,1967,8.1,178046,"Crime, Drama",Stuart Rosenberg,"A laid back Southern man is sentenced to two years in a rural prison, but refuses to conform.",GP
212,Coco,2017,8.4,504777,"Animation, Adventure, Comedy",Lee Unkrich,"Aspiring musician Miguel, confronted with his family&apos;s ancestral ban on music, enters the Land of the Dead to find his great-great-grandfather, a legendary singer.",PG
213,City Lights,1931,8.5,185125,"Comedy, Drama, Romance",Charles Chaplin,"With the aid of a wealthy erratic tippler, a dewy-eyed tramp who has fallen in love with a sightless flower girl accumulates money to be able to help her medically.",G
214,Citizen Kane,1941,8.3,442287,"Drama, Mystery",Orson Welles,"Following the death of publishing tycoon Charles Foster Kane, reporters scramble to uncover the meaning of his final utterance: &apos;Rosebud.&apos;",PG
215,Cidade de Deus,2004,8.6,755235,"Crime, Drama",Fernando Meirelles,"In the slums of Rio, two kids&apos; paths diverge as one struggles to become a photographer and the other a kingpin.",R
216,Chinatown,1974,8.2,327233,"Drama, Mystery, Thriller",Roman Polanski,"A private detective hired to expose an adulterer in 1930s Los Angeles finds himself caught up in a web of deceit, corruption, and murder.",R
217,Catch Me If You Can,2002,8.1,977253,"Biography, Crime, Drama",Steven Spielberg,"Barely 21 yet, Frank is a skilled forger who has passed as a doctor, lawyer and pilot. FBI agent Carl becomes obsessed with tracking down the con man, who only revels in the pursuit.",PG-13
218,Casino,1995,8.2,519723,"Crime, Drama",Martin Scorsese,"A tale of greed, deception, money, power, and murder occur between two best friends: a mafia enforcer and a casino executive compete against each other over a gambling empire, and over a fast-living and fast-loving socialite.",R
219,Casablanca,1943,8.5,570912,"Drama, Romance, War",Michael Curtiz,A cynical expatriate American cafe owner struggles to decide whether or not to help his former lover and her fugitive husband escape the Nazis in French Morocco.,PG
220,Capharnaüm,2018,8.4,89867,Drama,Nadine Labaki,"While serving a five-year sentence for a violent crime, a 12-year-old boy sues his parents for neglect.",R
221,C&apos;era una volta il West,1969,8.5,329403,Western,Sergio Leone,A mysterious stranger with a harmonica joins forces with a notorious desperado to protect a beautiful widow from a ruthless assassin working for the railroad.,PG-13
222,Braveheart,1995,8.4,1035819,"Biography, Drama, History",Mel Gibson,Scottish warrior William Wallace leads his countrymen in a rebellion to free his homeland from the tyranny of King Edward I of England.,R
223,Blade Runner,1982,8.1,768180,"Action, Drama, Sci-Fi",Ridley Scott,A blade runner must pursue and terminate four replicants who stole a ship in space and have returned to Earth to find their creator.,R
224,Ben-Hur,1959,8.1,239904,"Adventure, Drama",William Wyler,"After a Jewish prince is betrayed and sent into slavery by a Roman friend in 1st-century Jerusalem, he regains his freedom and comes back for revenge.",G
225,Before Sunset,2004,8.1,264721,"Drama, Romance",Richard Linklater,"Nine years after Jesse and Celine first met, they encounter each other again on the French leg of Jesse&apos;s book tour.",R
226,Before Sunrise,1995,8.1,308515,"Drama, Romance",Richard Linklater,"A young man and woman meet on a train in Europe, and wind up spending one evening together in Vienna. Unfortunately, both know that this will probably be their only night together.",R
227,Batman Begins,2005,8.2,1465289,"Action, Crime, Drama",Christopher Nolan,"After training with his mentor, Batman begins his fight to free crime-ridden Gotham City from corruption.",PG-13
228,Barry Lyndon,1975,8.1,168694,"Adventure, Drama, War",Stanley Kubrick,An Irish rogue wins the heart of a rich widow and assumes her dead husband&apos;s aristocratic position in 18th-century England.,PG
229,Back to the Future,1985,8.5,1199086,"Adventure, Comedy, Sci-Fi",Robert Zemeckis,"Marty McFly, a 17-year-old high school student, is accidentally sent 30 years into the past in a time-traveling DeLorean invented by his close friend, the maverick scientist Doc Brown.",PG
230,Bacheha-Ye aseman,1999,8.2,75276,"Drama, Family, Sport",Majid Majidi,"After a boy loses his sister&apos;s pair of shoes, he goes on a series of adventures in order to find them. When he can&apos;t, he tries a new way to &quot;win&quot; a new pair.",PG
231,Babam ve Oglum,2005,8.2,87138,"Drama, Family",Çagan Irmak,The family of a left-wing journalist is torn apart after the military coup of Turkey in 1980.,Not Rated
232,Avengers: Infinity War,2018,8.4,1072586,"Action, Adventure, Sci-Fi",Anthony Russo,The Avengers and their allies must be willing to sacrifice all in an attempt to defeat the powerful Thanos before his blitz of devastation and ruin puts an end to the universe.,PG-13
233,Avengers: Endgame,2019,8.4,1120546,"Action, Adventure, Drama",Anthony Russo,"After the devastating events of Avengers: Infinity War (2018), the universe is in ruins. With the help of remaining allies, the Avengers assemble once more in order to reverse Thanos&apos; actions and restore balance to the universe.",PG-13
234,Apocalypse Now,1979,8.5,666192,"Drama, Mystery, War",Francis Ford Coppola,A U.S. Army officer serving in Vietnam is tasked with assassinating a renegade Special Forces Colonel who sees himself as a god.,R
235,Amores perros,2001,8.1,241170,"Drama, Thriller",Alejandro G. Iñárritu,"A horrific car accident connects three stories, each involving characters dealing with loss, regret, and life&apos;s harsh realities, all in the name of love.",R
236,American History X,1998,8.5,1119347,"Crime, Drama",Tony Kaye,A former neo-nazi skinhead tries to prevent his younger brother from going down the same wrong path that he did.,R
237,American Beauty,1999,8.4,1152593,Drama,Sam Mendes,A sexually frustrated suburban father has a mid-life crisis after becoming infatuated with his daughter&apos;s best friend.,R
238,Amadeus,1984,8.4,401273,"Biography, Drama, Music",Milos Forman,"The life, success and troubles of Wolfgang Amadeus Mozart, as told by Antonio Salieri, the contemporaneous composer who was deeply jealous of Mozart&apos;s talent and claimed to have murdered him.",PG
239,All About Eve,1950,8.2,131941,Drama,Joseph L. Mankiewicz,A seemingly timid but secretly ruthless ingénue insinuates herself into the lives of an aging Broadway star and her circle of theater friends.,Passed
240,Aliens,1986,8.4,716417,"Action, Adventure, Sci-Fi",James Cameron,"Fifty-seven years after surviving an apocalyptic attack aboard her space vessel by merciless space creatures, Officer Ripley awakens from hyper-sleep and tries to warn anyone who will listen about the predators.",R
241,Alien,1979,8.5,879816,"Horror, Sci-Fi",Ridley Scott,The crew of a commercial spacecraft encounter a deadly lifeform after investigating an unknown transmission.,R
242,Aladdin,1992,8.0,419818,"Animation, Adventure, Comedy",Ron Clements,A kindhearted street urchin and a power-hungry Grand Vizier vie for a magic lamp that has the power to make their deepest wishes come true.,G
243,Ah-ga-ssi,2016,8.1,147725,"Drama, Romance, Thriller",Park Chan-wook,"A woman is hired as a handmaiden to a Japanese heiress, but secretly she is involved in a plot to defraud her.",Not Rated
244,A Clockwork Orange,1972,8.3,828503,"Crime, Sci-Fi",Stanley Kubrick,"In the future, a sadistic gang leader is imprisoned and volunteers for a conduct-aversion experiment, but it doesn&apos;t go as planned.",X
245,A Beautiful Mind,2002,8.2,930835,"Biography, Drama",Ron Howard,"After John Nash, a brilliant but asocial mathematician, accepts secret work in cryptography, his life takes a turn for the nightmarish.",PG-13
246,3 Idiots,2009,8.4,400117,"Comedy, Drama",Rajkumar Hirani,"Two friends are searching for their long lost companion. They revisit their college days and recall the memories of their friend who inspired them to think differently, even as the rest of the world called them &quot;idiots&quot;.",PG-13
247,2001: A Space Odyssey,1970,8.3,667725,"Adventure, Sci-Fi",Stanley Kubrick,"After uncovering a mysterious artifact buried beneath the Lunar surface, a spacecraft is sent to Jupiter to find its origins - a spacecraft manned by two men and the supercomputer H.A.L. 9000.",G
248,1917,2020,8.2,584825,"Action, Drama, War",Sam Mendes,"April 6th, 1917. As an infantry battalion assembles to wage war deep in enemy territory, two soldiers are assigned to race against time and deliver a message that will stop 1,600 men from walking straight into a deadly trap.",R
249,12 Years a Slave,2013,8.1,700295,"Biography, Drama, History",Steve McQueen,"In the antebellum United States, Solomon Northup, a free black man from upstate New York, is abducted and sold into slavery.",R
250,12 Angry Men,1957,9.0,787142,"Crime, Drama",Sidney Lumet,The jury in a New York City murder trial is frustrated by a single member whose skeptical caution forces them to more carefully consider the evidence before jumping to a hasty verdict.,Approved
